奇跡の虹マタタビ,奇跡の虹マタタビ,奇跡の虹マタタビ,＠,　,　,　,　,　,　,　,　,　,　,　,　,　,
奇跡の虹マタタビ,奇跡の虹マタタビ,奇跡の虹マタタビ,＠,　,　,　,　,　,　,　,　,　,　,　,　,　,
奇跡の虹マタタビ,奇跡の虹マタタビ,奇跡の虹マタタビ,＠,　,　,　,　,　,　,　,　,　,　,　,　,　,
奇跡の虹マタタビ,奇跡の虹マタタビ,奇跡の虹マタタビ,＠,　,　,　,　,　,　,　,　,　,　,　,　,　,
奇跡の虹マタタビ,奇跡の虹マタタビ,奇跡の虹マタタビ,＠,　,　,　,　,　,　,　,　,　,　,　,　,　,
暗黒天国 超激ムズ,＠,　,　,　,　,　,　,　,　,　,　,　,　,　,　,　,
天変地異 超激ムズ,＠,　,　,　,　,　,　,　,　,　,　,　,　,　,　,　,
宇宙戦争 超激ムズ,＠,　,　,　,　,　,　,　,　,　,　,　,　,　,　,　,
紫電一閃 上級,＠,　,　,　,　,　,　,　,　,　,　,　,　,　,　,　,　,
紅の情熱 上級,＠,　,　,　,　,　,　,　,　,　,　,　,　,　,　,　,　,
蒼の幻惑 上級,＠,　,　,　,　,　,　,　,　,　,　,　,　,　,　,　,　,
怪光の煌めき 上級,＠,　,　,　,　,　,　,　,　,　,　,　,　,　,　,　,　,
紫電一閃 激ムズ,＠,　,　,　,　,　,　,　,　,　,　,　,　,　,　,　,　,
紅の情熱 激ムズ,＠,　,　,　,　,　,　,　,　,　,　,　,　,　,　,　,　,
蒼の幻惑 激ムズ,＠,　,　,　,　,　,　,　,　,　,　,　,　,　,　,　,　,
怪光の煌めき 激ムズ,＠,　,　,　,　,　,　,　,　,　,　,　,　,　,　,　,　,
紫電一閃 超激ムズ,＠,　,　,　,　,　,　,　,　,　,　,　,　,　,　,　,　,
紅の情熱 超激ムズ,＠,　,　,　,　,　,　,　,　,　,　,　,　,　,　,　,　,
蒼の幻惑 超激ムズ,＠,　,　,　,　,　,　,　,　,　,　,　,　,　,　,　,　,
怪光の煌めき 超激ムズ,＠,　,　,　,　,　,　,　,　,　,　,　,　,　,　,　,　,
奇跡の虹マタタビ,奇跡の虹マタタビ,奇跡の虹マタタビ,＠,　,　,　,　,　,　,　,　,　,　,　,　,　,
in MOON,＠,　,　,　,　,　,　,　,　,　,　,　,　,　,　,　,
太古の鮮血 極ムズ,太古の羽音 極ムズ,太古の黒連星 極ムズ,太古の天上界 極ムズ,太古の蒼い悪夢 極ムズ,太古のメタル採掘所 極ムズ,太古の死海 極ムズ,＠,　,　,　,　,　,　,　,　,　,
One more thing...,＠,　,　,　,　,　,　,　,　,　,　,　,　,　,　,　,
One more thing...,＠,
奇跡の虹彩種 極ムズ,＠,
太古の力,＠
二の修練 ～明～ 中級,二の修練 ～暗～ 中級,＠
三の修練 ～明～ 上級,三の修練 ～暗～ 上級,＠
四の修練 ～明～ 超上級,四の修練 ～暗～ 超上級,＠
終の修練 ～明～ 超上級,終の修練 ～暗～ 超上級,＠
二の修練 ～明～ 激ムズ,二の修練 ～暗～ 激ムズ,＠
三の修練 ～明～ 超激ムズ,三の修練 ～暗～ 超激ムズ,＠
四の修練 ～明～ 極ムズ,四の修練 ～暗～ 極ムズ,＠
終の修練 ～明～ 極ムズ,終の修練 ～暗～ 極ムズ,＠
二の修練 ～明～ 極ムズ,二の修練 ～暗～ 極ムズ,＠
三の修練 ～明～ 極ムズ,三の修練 ～暗～ 極ムズ,＠
四の修練 ～明～ 超極ムズ,四の修練 ～暗～ 超極ムズ,＠
終の修練 ～明～ 超極ムズ,終の修練 ～暗～ 超極ムズ,＠